Filename,Loops_Count,Embellishments,Diacritics_Count,Retouching,Word_Spacing_Px,T_Crossing_Count,Pen_Lifts,Tremors,Loop_Area_Mean,Loop_Area_Var,Diacritic_Offset_Mean,Diacritic_Offset_Var,T_Bar_Height_Mean,T_Bar_Height_Var,Word_Spacing_Norm
104.png,246,0.6047,106,1.1514,23.77,497,5.23,0.1805,0.0903,0.0985,0.697,0.4754,0.0,1.0,0.5563
104.png,246,0.6047,106,1.1514,23.77,497,5.23,0.1805,0.0903,0.0985,0.697,0.4754,0.0,1.0,0.5563
101.png,152,0.6696,88,1.0231,23.74,561,5.36,0.1794,0.1394,0.0975,0.7453,1.0,0.0,1.0,0.6829
100.png,0.6632562529495044,1.0,0.3751,0.6519,0.9687,150,81,392,0.18148095803246253,0.2308274401512947,1.0,0.5917455273947522,0.0,0.6933844670184574,0.6632562529495044
104.png,0.012373453318335208,1.0,1.0,1.0,0.0,183,150,1,0.00023637417632814525,0.00038616612027001266,0.6094323315655078,0.1,0.5,0.1,0.012373453318335208
099.png,0.6076923076923076,0.5,1.0,1.0,0.0,169,42,2,0.0416077868421974,0.06216457315541018,0.5768442910458231,0.1,0.5,0.1,0.6076923076923076
100.png,0.013513513513513514,1.0,1.0,1.0,0.0,150,86,5,0.000329632242982266,0.00046925973149611284,0.6977360869386469,0.1,0.5,0.1,0.013513513513513514
